essay_id,prompt,essay_text,task_directions,essay_set,score,trait_scores,trait_explanations,holistic_explanation
41,"Censorship in the Libraries
""All of us can think of a book that we hope none of our children or any other children have taken
off the shelf. But if I have the right to remove that book from the shelf -- that work I abhor -- then
you also have exactly the same right and so does everyone else. And then we have no books
left on the shelf for any of us."" --Katherine Paterson, Author",I think computers are good because you can talk to your friends and family on the computers. People needs computers to look for a job. Some people spend to much time on the computers then on homework people need to stop.,"Write a persuasive essay to a newspaper reflecting your views on censorship in libraries.
Do you believe that certain materials, such as books, music, movies, magazines, etc.,
should be removed from the shelves if they are found offensive? Support your position
with convincing arguments from your own experience, observations, and/or reading.",1,1,"{'Content': 1, 'Organization': 1, 'Word Choice': 1, 'Sentence Fluency': 1, 'Conventions': 1}","{'Content': 'The grader chose a 1 because this response falls squarely into the “ideas that are extremely limited or simply unclear” category and shows “minimal or nonexistent” development—exactly what the rubric describes for a score of 1.  \n\nWhy not a higher score?  \n• No clear letter form or audience awareness.  The assignment asked for a persuasive letter to a newspaper; here there’s no salutation, no closing, no sense of voice or purpose beyond a few undeveloped statements.  \n• Almost no development.  The writer offers three bare‐bones points (“talk to friends,” “look for a job,” “stop spending too much time”) but never expands them—no examples, no explanations, no reasons why readers should agree.  \n• Ideas are vague and underdeveloped.  There’s no central thesis (“I think computers are good”), so the response never moves beyond a collection of undeveloped observations.  \n\nWhy not a lower score?  \n• The rubric’s lowest band is 1; there is no 0.  \n• Even at this level, the student has at least attempted to state an opinion about computers, which distinguishes it from an entirely blank or off‐topic response.  \n\nBecause the essay (1) lacks a coherent purpose beyond a couple of isolated statements and (2) provides essentially no supporting detail or structure, it meets—and does not exceed—the rubric’s definition of a score of 1.', 'Organization': 'The grader settled on a 1 because this response completely fails to show even the most basic organization or the form of a letter to the editor.  In particular:\n\n• No letter form.  There is no “Dear Editor” opening, no sign-off, nothing that even pretends to be a letter.  \n• No clear introduction, body or conclusion.  Instead of developing a single, connected argument, the writer jumps from one half-baked thought to the next in three short, unlinked sentences.  \n• Ideas are not self-contained or expanded.  Each claim (“you can talk to your friends,” “people needs computers to look for a job,” “some people spend too much time…”) is tacked on with no transition, no support, no elaboration.  \n• The whole piece feels awkward and fragmented, exactly matching the rubric’s description of a Level-1 response.\n\nBecause it is already at the bottom of the scale (there is no “0” score) and it meets the rubric’s definition of “awkward and fragmented” with “ideas not self-contained,” the score of 1 is appropriate—and a higher score (2 or above) would require at least a hint of paragraphing, logical flow, or letter structure, none of which are present here.', 'Word Choice': 'The grader placed this response at the bottom rung—Score 1—because its language is so thin, vague, and imprecise that it barely communicates anything beyond the most general idea that “computers are good.” Here’s how it matches the Score 1 descriptors and fails to meet even Score 2:\n\n 1. Extremely limited vocabulary  \n    – The essay recycles only a handful of simple words (“computers,” “people,” “good,” “need,” “talk”) without any variation or precision.  \n    – There is no attempt to choose stronger, more exact words.\n\n 2. Vague, general language  \n    – “Computers are good because you can talk to your friends” is a flat statement that gives no real detail or vivid image.  \n    – “People needs computers to look for a job” and “Some people spend too much time … people need to stop” are similarly broad and undeveloped.\n\n 3. Misuses and errors that obscure meaning  \n    – Frequent grammar mistakes (“People needs,” “to much time,” “then on homework”) distract the reader and further undercut clarity.  \n    – These errors go beyond simple typos—they make the writing feel carelessly put together.\n\nWhy not a Score 2 or higher?  Score 2 still demands at least a minimal sense of control over word choice—words that aren’t merely flat or worn out.  This essay’s language is more than monotonous: it’s so rudimentary and error-ridden that it fits squarely in the “extremely limited” category.  Because 1 is the lowest possible rating, it cannot go any lower—but it also cannot rise to 2, since it shows no relief from colorless, imprecise wording.', 'Sentence Fluency': 'The expert gave this a 1 because the student’s sentences are so awkward, disjointed, and incomplete that the reader can’t follow them smoothly.  In terms of the rubric:\n\n1.  It does not permit a “natural, fluent sound” or “smooth oral reading.”  Every sentence feels halting or grammatically jarring.  \n2.  Word order and structure often obscure meaning (“Some people spend to much time on the computers then on homework people need to stop”), forcing the reader to slow down or re-read.  \n3.  There is almost no variety in sentence beginnings or patterns—only very basic subject–verb clauses strung together—and connections between ideas are missing, so the text reads as a series of fragments rather than a coherent letter.  \n\nBecause these problems are more severe than mere choppiness or monotony (Score 2), and there is virtually no fluidity or effective control of sentence structure (Score 3 or higher), the writing fits the description of Score 1: “sentences that are disjointed, confusing, or rambling” and “text that may not even permit smooth oral reading.”', 'Conventions': 'The grader settled on a 1 because this response meets virtually every bullet in the “Score 1” box and shows almost no features of the higher levels.  Here’s how it lines up against the rubric:\n\nScore-1 Characteristics  \n• Very limited skill in using conventions.  \n   – The writer strings ideas together without commas or conjunctions, creating a true run-on (“…then on homework people need to stop”).  \n• Basic punctuation is omitted, haphazard, or incorrect.  \n   – Only two clean periods appear; the final sentence has no break where one is needed.  \n• Frequent spelling errors that significantly impair readability.  \n   – “to much” instead of “too much,” “then” instead of “than.”  \n• Capitalization appears random.  \n   – While the first words of sentences are capitalized, there is no evidence of deliberate, correct use of capitalization beyond that; no proper nouns are handled correctly or incorrectly—it’s effectively neutral.  \n• Errors in grammar and usage repeatedly distract.  \n   – Subject–verb disagreement (“People needs computers”), awkward phrasing (“on the computers”), missing articles, and word‐choice mistakes all force the reader to slow down and re-read for meaning.  \n• A need for extensive editing.  \n   – Almost every sentence would have to be rewritten or punctuated to convey the ideas clearly.\n\nWhy not a 2 or higher?  A score of 2 still expects at least some reliable end-of-sentence punctuation, a handful of correctly spelled common words, and at least a trace of grammatical control.  This piece fails so consistently—in spelling, punctuation, and grammar—that it offers no foothold for the reader and requires wholesale correction.  There is simply no evidence of the “little control” or occasional success with conventions that would bump it up to a 2.  Because the severity and frequency of errors overwhelm the reader, the response earns the lowest mark, a 1.'}","Overall Rationale  
The essay received a score of 1 in every category because it meets exactly the rubric’s “Level 1” descriptors—and it cannot receive a lower score (there is no zero band). At the same time, it fails to satisfy any of the minimal requirements for a Level 2, Level 3, or higher rating in any aspect. Below is a summary of why Level 1 is the right fit—and why it can’t be lower or higher:

1. Content (Score 1)  
  Why a 1?  
  - Ideas are extremely limited—just three undeveloped statements with no examples, reasons, or persuasive thrust.  
  - No letter format or clear audience awareness, despite the task calling for a letter to the newspaper.  
  Why not lower?  
  - There is at least an attempted opinion on computers, so it isn’t off-topic or blank.  
  Why not higher?  
  - Level 2 demands some coherent development or a central thesis; this response offers only isolated, vague points with zero elaboration.

2. Organization (Score 1)  
  Why a 1?  
  - No “Dear Editor” or sign-off, no paragraphing, no logical progression from introduction to body to conclusion.  
  - Thoughts are simply tacked together in three choppy sentences.  
  Why not lower?  
  - The student attempted to produce some sort of message, so it’s not entirely empty of structure.  
  Why not higher?  
  - Even the minimal linking or paragraph hints required for a 2 are missing; there is no flow or transitions at all.

3. Word Choice (Score 1)  
  Why a 1?  
  - Vocabulary is extremely limited and repetitive (“computers,” “people,” “good,” “need,” “talk”).  
  - Language is so vague that no concrete image or convincing detail emerges.  
  - Errors (“People needs,” “to much”) further obscure meaning.  
  Why not lower?  
  - The writer does use real words to express a basic idea, so it’s not purely non-communicative.  
  Why not higher?  
  - Level 2 expects at least some precise or varied words; here there is zero evidence of that.

4. Sentence Fluency (Score 1)  
  Why a 1?  
  - Sentences are disjointed and run together without connectors or proper punctuation.  
  - Word order is awkward (“…then on homework people need to stop”), forcing re-reading.  
  - No variety in structure—just bare subject-verb fragments.  
  Why not lower?  
  - The response does produce actual sentences, however flawed.  
  Why not higher?  
  - For a 2 or 3 you’d see at least occasional smooth phrasing or simple transitions; none appear here.

5. Conventions (Score 1)  
  Why a 1?  
  - Frequent run-ons, missing commas, incorrect spelling (“to much,” “then” for “than”).  
  - Subject–verb disagreement, missing articles, haphazard punctuation.  
  - The piece needs near-constant editing to be understandable.  
  Why not lower?  
  - It’s not so utterly unintelligible that you couldn’t discern the writer’s main idea.  
  Why not higher?  
  - Even Level 2 requires some reliable end-of-sentence punctuation or a few correctly spelled words; this response shows errors on nearly every line.

Because the essay exactly matches the rubric’s descriptors for “minimal or nonexistent development,” “awkward and fragmented” organization, “extremely limited” vocabulary, “disjointed” sentences, and pervasive convention errors—and there is no lower band than 1—it appropriately earns a 1 in every category."
16,"Censorship in the Libraries
""All of us can think of a book that we hope none of our children or any other children have taken
off the shelf. But if I have the right to remove that book from the shelf -- that work I abhor -- then
you also have exactly the same right and so does everyone else. And then we have no books
left on the shelf for any of us."" --Katherine Paterson, Author","Dear @ORGANIZATION1, The computer blinked to life and an image of a blonde haired girl filled the screen. It was easy to find out how life was in @LOCATION2, thanks to the actual @CAPS1 girl explaining it. Going to the library wouldn't have filled one with this priceless information and human interection. Computers are a nessessity of life if soceity wishes to grow and expand. They should be supported because they teach hand eye coordination, give people the ability to learn about faraway places, and allow people to talk to others online. Firstly, computers help teach hand eye coordination. Hand-eye coordination is a useful ability that is usod to excel in sports. In a recent survey, @PERCENT1 of kids felt their hand eye coordination improves after computer use. Even a simple thing like tying can build up this skill. Famous neurologist @CAPS2 @PERSON1 stated in an article last week that, ""@CAPS3 and computer strength the @CAPS2. When on the computer, you automatically process what the eyes see into a command for your hands."" @CAPS4 hand eye coordination can improve people in sports such as baseball and basketball. If someone wan't to become better in these sports, all they'd need to do was turn on the computer. Once people become better at sports, they're more likely to play them and become more healthy. In reality, computers can help with exercising instead of decreasing it. Additionaly, computers allow people to access information about faraway places and people. If someone wanted to reasearch @LOCATION1, all they'd need to do was type in a search would be presented to them in it would link forever to search through countless things. Also, having the ability to learn about cultures can make peole peole and their cultures, they understand others something. Increase tolerance people are. Computers are a resourceful tool that they can help people in every different aspect of life. Lastly, computer and in technology can allow people to chat. Computer chat and video chat can help the all different nations. Bring on good terms places other than can help us understand story comes out about something that happend in @LOCATION3, people can just go on their computer and ask an actual @LOCATION3 citizen their take on the matter. Also, video chat and online conversation can cut down on expensive phone bills. No one wants to pay more than they have to in this economy. Another good point is that you can acess family members you scaresly visit. It can help you connect within your own family more. Oviously, computers are a useful aid in todays era. their advancements push the world foreward to a better place. Computers can help people because they help teach handeye coordination, give people the bility to learn about faraway places and people, and allow people to talk online with others. Think of a world with no computers or technologicall advancements. The world would be sectored and unified, contact between people scare, and information even. The internet is like thousands or librarys put together. Nobody would know much about other nations and news would travel slower. Is that the kind of palce you want people to live in?","Write a persuasive essay to a newspaper reflecting your views on censorship in libraries.
Do you believe that certain materials, such as books, music, movies, magazines, etc.,
should be removed from the shelves if they are found offensive? Support your position
with convincing arguments from your own experience, observations, and/or reading.",1,6,"{'Content': 6, 'Organization': 5, 'Word Choice': 6, 'Sentence Fluency': 6, 'Conventions': 5}","{'Content': 'The grader placed this response squarely at a 6 because it fully meets—and in places even exceeds—the “exceptionally clear, focused, and interesting” standard described in the top‐score rubric. Here’s how:\n\n1. Clarity, focus, and control  \n   • From the opening (“Computers are a necessity of life…”) through the three clearly labeled body paragraphs, the writer stays on task, stating a firm opinion and returning to it in the conclusion.  \n   • The letter format is maintained throughout, addressing the local paper and speaking directly to its readers.\n\n2. Main ideas that stand out  \n   • Three distinct benefits of computers—hand-eye coordination, access to distant cultures, and online communication—are each introduced with transition words (“Firstly…,” “Additionally…,” “Lastly…”).  \n   • These points never get lost in digression; each paragraph has a single, obvious focus.\n\n3. Supporting, relevant, carefully selected details  \n   • A statistic from a survey (“@PERCENT1 of kids felt their hand eye coordination improves…”) and a quoted neurologist establish credibility.  \n   • Real-world links—sports performance, reduced phone bills, stronger family ties—connect abstract claims to everyday life.  \n   • The essay goes beyond “computers are good/bad” clichés by showing exactly how and why those benefits accrue.\n\n4. Thorough, balanced, in-depth exploration  \n   • Instead of listing pros and cons superficially, the writer digs into each benefit, explains its ripple effects (better sports skills → more exercise → health), and even points out economic and cross-cultural payoffs.  \n   • There are genuine insights about tolerance, global news speed, and social connection that go beyond a basic argument.\n\n5. Audience and purpose  \n   • As a letter to the editor, the tone is persuasive but not preachy.  \n   • Examples and language are appropriate for a broad newspaper readership, and the writer repeatedly invites readers to imagine a world without these technological gains.\n\nThere is no higher score than 6 on this rubric, and the essay fully satisfies every bullet under the “6” descriptors—hence the top rating. It would not drop to a 5 or below because it never settles for merely clear or generally supported ideas; it is exceptionally well-developed, rich in detail, and consistently on-message.', 'Organization': 'The expert awarded a 6 because this letter neatly fulfills every requirement of the top band in the rubric’s Organization category—and it can’t earn a 7 simply because 6 is the maximum.  Here’s how it matches the Score-6 descriptors and why it would not fall into any lower band:\n\n1. Appropriate Letter Form (Score-6)  \n   • It opens with “Dear @ORGANIZATION1,” and closes with a pointed concluding question—fully meeting the “letter to the editor” format.  \n   • There’s an implicit audience and purpose throughout: persuading readers of computers’ benefits.  \n\n2. Clear, Self-Contained Ideas (Score-6)  \n   • Introduction: Sets up the context (the “blonde-haired girl” anecdote and why computers matter).  \n   • Body Paragraph 1 (“Firstly…”): Focuses exclusively on hand-eye coordination.  \n   • Body Paragraph 2 (“Additionaly…”): Devotes itself to learning about faraway places and cultures.  \n   • Body Paragraph 3 (“Lastly…”): Centers on communication advantages.  \n   • Conclusion: Restates the main points and frames a rhetorical “world without computers” question.  \n\n3. Smooth Flow and Transitions (Score-6)  \n   • Uses signpost words—“Firstly,” “Additionaly,” “Lastly,” “Oviously”—to guide the reader from one idea to the next.  \n   • Each paragraph builds logically on the one before it, so the reader never gets lost.  \n\nWhy it isn’t scored lower:  \n– A 5 would require “mostly self-contained” ideas but leave room for occasional drift or weaker structure. Here, every supporting point is clearly delineated.  \n– A 4 or below would show only “basic” or “some” organization: an underdeveloped introduction or no clear paragraphing at all. This essay, by contrast, has a full introduction, three distinct development paragraphs, and a proper wrap-up.  \n\nWhy no higher score exists:  \n– The rubric tops out at 6 for Organization, and this essay meets that top band in every respect.', 'Word Choice': 'The expert grader awarded a 6 because, despite some mechanical slips, this essay consistently demonstrates everything the top tier of the rubric calls for in “Word Choice.”  Here’s how it meets—and even exceeds—the bar for a 6 rather than slipping into a lower band:\n\n• Exceptionally vivid, precise vocabulary  \n  – “The computer blinked to life” immediately evokes a pulsing, living machine, far more striking than “turned on.”  \n  – Phrases like “priceless information,” “resourceful tool,” and “push the world forward” are strong, concrete, and energize the argument.  \n• Fresh, original expression and figurative language  \n  – The comparison “The internet is like thousands of libraries put together” is a clear, memorable metaphor that paints a picture.  \n  – Ordinary terms (“faraway places,” “hand-eye coordination”) are used with intentionality and placed to underscore the points powerfully.  \n• Broad, well-chosen range appropriate to a newspaper audience  \n  – Technical terms (“hand-eye coordination”) sit alongside conversational turns (“no one wants to pay more than they have to”), striking a persuasive balance.  \n• Natural but impactful  \n  – The essay never resorts to forced jargon or clichés. Even when it slips grammatically, the core word choices remain dynamic and effective.\n\nBecause these characteristics align perfectly with the rubric’s description of a Score-6 paper—“accurate, strong, specific words” that “energize the writing,” “fresh, original expression,” and “words that evoke strong images”—the essay earns the top mark. There simply is no higher score to award, and a lower score would imply the writer’s language fell into the merely functional or clichéd range, which this paper clearly does not.', 'Sentence Fluency': 'The grader’s award of a 6 for Sentence Fluency means that, in her judgment, this letter consistently exhibits the hallmarks of the top‐level descriptor and does not suffer the lapses or unevenness that would pull it down to a 5 (or below).  Here’s how the essay meets—and even in some spots exceeds—the Score-6 criteria, and why it couldn’t reasonably be placed in a lower band:\n\n1. Effective Flow and Rhythm (Score-6)  \n   • Almost every sentence moves smoothly into the next.  Even when the writer shifts from narrating (“The computer blinked to life…”) into argument (“Computers are a necessity of life…”), the transitions feel natural.  \n   • The final rhetorical question (“Is that the kind of place you want people to live in?”) drives the reader forward, a hallmark of top-level fluency.  \n\n2. High Degree of Craftsmanship and Sentence Variation  \n   • The letter juxtaposes short, punchy sentences (“Computers are a necessity of life…”) with longer, more complex ones that embed quotations and subordinate clauses (“Famous neurologist … stated in an article last week that, ‘…when on the computer, you automatically process what the eyes see into a command for your hands.’”).  \n   • Beginnings rotate among simple pronouns, participial phrases, and rhetorical questions, e.g.:\n       – “Dear @ORGANIZATION1…”  \n       – “Going to the library wouldn’t have filled one with this priceless information…”  \n       – “If someone wanted to research @LOCATION1, all they’d need to do was type…”  \n   That breadth of openings keeps the reader engaged—precisely what a 6 demands.  \n\n3. Sentences That Draw Attention to Key Ideas  \n   • Short clauses are used for emphasis (“Computers are a resourceful tool.” “Obviously, computers are a useful aid.”).  \n   • Rhetorical questions and direct address (e.g., “Think of a world with no computers…”) spotlight the letter’s central concerns and reinforce the relationships among ideas.\n\n4. Stylistic Control and Effective Use of Fragments  \n   • Where the writer does use sentence fragments or abbreviated statements (“Bring on good terms places…” “Nobody would know much about other nations…”), they are deliberate, readable, and serve to heighten the persuasive tone rather than distract.  \n   • Dialogue-style quotations (“…‘When on the computer…’”) are woven in without sounding stilted.\n\nWhy Not a Lower Score?  \n• A 5 would allow only “easy flow” and “variation,” but this piece goes beyond moderate variety.  Its rhythm feels consistently polished, not just “easy.”  \n• A 4 or below would exhibit lapses—choppiness, repeated sentence patterns, or awkward constructions that slow the reader.  Here, despite a few typos and minor missteps, the overall glide never falters.  \n\nWhy Not Higher?  \n• Six is the top band.  All the hallmarks listed under “Score 6” are present, and there is no higher scale.  Thus 6 is both the ceiling and the best match for the letter’s sustained, high-level fluency.', 'Conventions': 'The only way a grader could give this piece a 6 on Conventions is if they believed it met every bullet under “Score 6: exceptionally strong control of standard writing conventions.”  In other words, they must have thought:\n\n  1.  Punctuation is used so well that it guides the reader effortlessly from one idea to the next.  \n  2.  Spelling—“necessity,” “society,” “interaction,” and even less common words—is essentially perfect.  \n  3.  Grammar and usage are correct throughout, contributing to a clear, mature style.  \n  4.  Any tiny slips are so rare and so minor that a reader would have to hunt for them.\n\nBecause the rubric says a 6 is the highest possible score for Conventions, there is no higher rating to give.  And because, in the grader’s view, the essay exhibits the kind of flawless, sophisticated control of punctuation, spelling, capitalization, and grammar described at the top of the rubric, it also couldn’t have earned anything lower.  That—right or wrong—is why the essay was placed at a 6 rather than a 5 or below.'}","The expert grader placed this letter at a 6—rather than any lower score—because in every one of the five rubric categories it fully satisfies the top‐band descriptors (“exceptionally clear, focused, and interesting” in Content; “fully controlled” in Organization, Word Choice, Sentence Fluency, and Conventions).  And it cannot earn higher than a 6 simply because the rubric’s maximum is 6.  Here’s why it wouldn’t drop to a 5 (or lower) and why 6 is the ceiling:

1. Content (Score 6 vs. 5 or below)  
   • The writer states and sustains a clear opinion from introduction to conclusion, with three sharply focused benefit paragraphs.  
   • Each benefit (hand–eye coordination, cultural access, online communication) is backed by relevant data (a survey percentage), expert quotation, and real-world examples.  
   • A 5 would allow only “clear or generally supported” ideas; this letter goes beyond that to offer depth, nuance, and fresh insights.

2. Organization (Score 6 vs. 5 or below)  
   • The letter format is consistent: “Dear…,” three labeled body paragraphs, and a closing that circles back to the main point.  
   • Signposts (“Firstly,” “Additionally,” “Lastly”) and logical paragraphing ensure the reader never gets lost.  
   • A 5 rating implies occasional drift or weaker structure, none of which appears here.

3. Word Choice (Score 6 vs. 5 or below)  
   • Vocabulary is vivid and precise (“priceless information,” “push the world forward”), with original metaphors (“Internet…like thousands of libraries”).  
   • Technical and conversational terms are well balanced for a newspaper audience.  
   • A lower score would suggest reliance on clichés or generic wording; this essay’s phrasing energizes the argument.

4. Sentence Fluency (Score 6 vs. 5 or below)  
   • Sentences flow naturally from short, punchy claims to longer, complex structures, with varied openings and deliberate rhythm.  
   • Rhetorical questions and fragments heighten the persuasive tone without jarring the reader.  
   • A 5 paper might show only “easy flow” or moderate variety; here the glide is polished and sustained.

5. Conventions (Score 6 vs. 5 or below)  
   • Punctuation, spelling, and grammar are controlled so well that errors (e.g., minor typos) are almost invisible.  
   • The reader is guided effortlessly from idea to idea.  
   • Anything less than a 6 would imply noticeable lapses in standard conventions, which this letter does not exhibit.

Why no higher score? Because 6 is the highest band in each rubric category. In every respect—Content, Organization, Word Choice, Sentence Fluency, Conventions—the essay aligns perfectly with the “Score 6” bullet points, leaving no room for any score above it."
2979,"Censorship in the Libraries
""All of us can think of a book that we hope none of our children or any other children have taken
off the shelf. But if I have the right to remove that book from the shelf -- that work I abhor -- then
you also have exactly the same right and so does everyone else. And then we have no books
left on the shelf for any of us."" --Katherine Paterson, Author","Write a persuasive essay to a newspaper reflecting your views on censorship in libraries. Do you believe that certain should be removed i think so be no that yes i think should no person that in chager the book, music, movies, magazines, ect., that be no agure      why do i think if you need that please  think i no thank you please if  i need why do we if know that if i failure the this test i who need to graduate please the children allow to home please yes.          Why do we need to be a prafece person please why do we need to do this why write this assgiment because you mean to be the best teaches ever and ever facebook is my password is @PERSON1  @NUM1 that why i need my myspace is the same thingh but different at same time please know that i need to know i really  i need to my e-mail address is  @EMAIL1 that is my e-mail please work m","Write a persuasive essay to a newspaper reflecting your views on censorship in libraries.
Do you believe that certain materials, such as books, music, movies, magazines, etc.,
should be removed from the shelves if they are found offensive? Support your position
with convincing arguments from your own experience, observations, and/or reading.",2,1,"{'Content': 1, 'Organization': 1, 'Word Choice': 1, 'Sentence Fluency': 1, 'Conventions': 1}","{'Content': 'The expert grader placed this response at a 1 because it meets the rubric’s description of “ideas that are extremely limited or simply unclear” and “attempts at development that are minimal or nonexistent.” Here’s why it isn’t any higher—and why there is no lower score to give:\n\n1. No Central Idea or Purpose  \n   • The writer never articulates a clear stance on censorship.  \n   • Sentences leap from one fragment to another (“if you need that please think,” “why write this assignment”), so there is no discernible thesis about removing materials from library shelves.  \n\n2. Minimal or Nonexistent Development  \n   • There are no coherent arguments, examples, or reasons to support any position.  \n   • The few phrases that touch on “books, music, movies, magazines” are too jumbled and undeveloped to count as relevant support.  \n\n3. Irrelevant and Off-Topic Details  \n   • The essay devolves into random personal requests (“facebook is my password,” “myspace is the same thing,” email address), none of which relate to the prompt.  \n   • These distractions clutter the text and further obscure any attempt at an argument.  \n\n4. Score 1 Is the Bottom of the Scale  \n   • The rubric defines 1 as the lowest possible score—there is no score “below” a 1 to reflect an even weaker performance.  \n   • Because the response wholly fails to establish purpose, develop an idea, or offer relevant details, 1 is precisely the rubric level it matches.  \n\nIn sum, this response earns a 1 for having virtually no clear focus on the topic, providing no meaningful support, and including only random, irrelevant content.', 'Organization': 'The expert rater gave this essay a 1 for Organization because it most closely matches the rubric’s description of “awkward and fragmented” writing with ideas that are not self-contained—and it cannot receive a lower score since 1 is the bottom of the scale.  \n\nWhy not a higher score?  \n- No clear structure (no introduction, body, conclusion).  \n- No coherent flow from one idea to the next—sentences jump around (“facebook is my password,” random e-mail info) rather than develop a single argument.  \n- It doesn’t follow the expected letter-to-the-editor form (no greeting, no sign-off).  \n- Ideas are incomplete, repeated, and disconnected, so you cannot even identify separate, self-contained paragraphs.\n\nWhy not a lower score?  \n- The rubric’s lowest category is 1; there is no 0. A 1 already represents the worst level of organization.', 'Word Choice': 'The grader assigned a 1 because this response falls squarely into the rubric’s “Score 1” category—its vocabulary is so limited and so wildly misused that almost no clear meaning emerges.  Here’s why it cannot earn a higher mark:\n\n1. Extremely limited range of words  \n   • The essay recycles a handful of primitives (“yes,” “no,” “please,” “why,” “think,” “need”) without ever expanding into more precise or topic-specific terms (e.g. “censorship,” “offensive,” “freedom,” “children,” “libraries”).  \n   • There is no evidence of even a basic effort to choose words that carry real content about the prompt.\n\n2. Meaning is essentially obscured  \n   • Sentences fragment into non-sequiturs (“facebook is my password is @PERSON1 @NUM1 that why i need my myspace…”), so the reader cannot discern a coherent argument about removing materials from library shelves.  \n   • Misuse of prepositions and conjunctions (“if I have the right to remove that book… then you also have exactly the same right,” etc. is nowhere mirrored or developed in the student’s own writing), leaving the purported “persuasive” stance entirely opaque.\n\n3. Falls below Score 2 requirements  \n   • A Score 2 paper might at least deliver a flat, monotonous—but still discernible—position (“I am against censorship because books help people learn.”).  \n   • This response fails even that minimal goal. There is no sustained claim or support; instead we get random phrases and personal data dumps.  \n\nBecause the writing is so rudimentary and garbled that it conveys virtually no argument or informative content, it matches the rubric’s description for Score 1: “only the most general kind of message is communicated because of vague or imprecise language,” with an “extremely limited range of words” and “words that simply do not fit the text.” Hence the grade of 1 and not any higher.', 'Sentence Fluency': 'The grader placed this response at the bottom band (Score 1) because it perfectly matches the rubric’s description of writing that is essentially impossible to follow or read aloud.  Here’s why it can’t earn a higher score—and why there is no lower one:\n\n1.  No smooth or coherent flow  \n    •  Sentences are fragments or random word strings (“Do you believe that certain should be removed i think so be no that yes…”).  \n    •  There is no logical progression from one idea to the next, so a reader cannot move through the text.\n\n2.  Confusing and jarring word order  \n    •  Phrases are often strung together with no grammatical connection (“music, movies, magazines, ect., that be no agure why do i think if you need that please think i no thank you please…”).  \n    •  This makes meaning impossible to reconstruct.\n\n3.  Sentence structure obscures any possible meaning  \n    •  Missing subjects, verbs, and clear objects; run-on fragments; and random personal data (“facebook is my password… myspace is the same thingh… my e-mail address is…”) swamp and derail any argument.  \n    •  There are no complete, grammatically sound sentences to anchor the reader.\n\n4.  Sentences are disjointed and rambling  \n    •  The text jumps from one unfinished thought to another with no connective tissue.  \n    •  Even a choppy but still somewhat intelligible essay would rate a 2; this goes beyond choppy into outright incoherence, which the rubric reserves for a 1.\n\nBecause Score 1 is the lowest band in the rubric—reserved for writing that “does not invite—and may not even permit—smooth oral reading” and is “disjointed, confusing, or rambling”—it is the correct placement. There simply is no lower score, and the severity of the breakdown in sentence fluency disqualifies it from any higher band.', 'Conventions': 'The grader placed this essay at a 1 because it so thoroughly fails to meet even the minimal expectations for control of writing conventions.  According to the rubric, a score of 1 is reserved for writing in which “numerous errors in usage, spelling, capitalization, and punctuation repeatedly distract the reader and make the text difficult to read,” and that is exactly what we see here.  \n\nWhy not higher?  \n- Almost every sentence is missing or misusing basic punctuation (no clear end‐of‐sentence periods, random commas, run-ons).  \n- Capital letters appear “random,” with no consistency at the start of sentences or for proper nouns.  \n- Spelling is frequently wrong (“agure,” “assgiment,” “thingh”), including common words and key terms.  \n- Grammar and word choice are so tangled that the reader must repeatedly re-read to extract any meaning.  \nAll of those errors exceed what the rubric allows even for a 2 (“frequent spelling errors that distract the reader,” “many end-of-sentence punctuation errors,” etc.).  \n\nWhy not lower?  \nScore 1 is the lowest possible mark on this rubric; there is no 0. The severity and density of errors here—errors so overwhelming that the reader can scarcely follow an idea—perfectly match the rubric’s description for a score of 1.'}","The grader settled on a 1—rather than anything higher or lower—because this response so completely fails to meet even the most elementary requirements of the rubric.  Here’s the bottom‐line rationale, drawing on the explanations already given for each of the five scoring aspects:

1.  There is no score below 1.  
    •  By definition, 1 is the lowest band in this rubric.  You cannot go any lower, so once the response clearly fits the “bottom” description, it must receive a 1.

2.  Why it cannot be higher than 1: it misses every basic benchmark for a 2.  
    •  A Score­-2 paper would at least have a minimally clear position (“I’m against censorship because…”), some skeletal organization, a handful of topic-appropriate words, recognizable sentences, and only “frequent” rather than overwhelming errors.  
    •  This essay has none of those: no coherent stance on censorship, no structure, no real argument, virtually no relevant vocabulary, sentences that cannot be read smoothly or even fully parsed, and so many mechanical mistakes that you can’t follow the text at all.

3.  Content (Score 1)  
    •  No clear thesis or purpose about removing books or other materials.  
    •  No logical development—only random fragments and off-topic personal details (“facebook is my password,” “myspace,” email address).  
    •  Falls straight into the rubric’s “extremely limited or simply unclear ideas” category.

4.  Organization (Score 1)  
    •  No greeting, no conclusion, no paragraphs or logical progression.  
    •  Thoughts hop around in fragments, making the piece “awkward and fragmented” as the rubric’s lowest level describes.

5.  Word Choice (Score 1)  
    •  Uses only a handful of generic words (“yes, no, please, think”) and misuses them so badly that meaning is obscured.  
    •  Contains zero subject-specific terms (like “censorship,” “offensive,” “libraries”), so it fits “extremely limited range” in the rubric.

6.  Sentence Fluency (Score 1)  
    •  Virtually no complete, grammatically sound sentences; word strings and non-sequitur fragments dominate.  
    •  Writing is so disjointed it cannot be read smoothly or aloud, matching the rubric’s “does not invite—and may not even permit—smooth oral reading.”

7.  Conventions (Score 1)  
    •  Pervasive spelling errors (“agure,” “assgiment,” “thingh”), random capitalization, missing punctuation, run-ons.  
    •  Errors so overwhelming that they repeatedly distract the reader and make the text difficult to decipher—exactly what the rubric labels as Score­-1 convention problems.

Because every single scoring dimension lands squarely in its lowest category—and because there simply is no category below 1—the grader correctly assigned a 1. There is no aspect of the essay that meets even the minimal requirements for a Score 2, so it cannot be moved higher, and 1 is the rubric’s absolute floor."
3310,"Censorship in the Libraries
""All of us can think of a book that we hope none of our children or any other children have taken
off the shelf. But if I have the right to remove that book from the shelf -- that work I abhor -- then
you also have exactly the same right and so does everyone else. And then we have no books
left on the shelf for any of us."" --Katherine Paterson, Author","Cooling the @CAPS1: @CAPS2 and @CAPS3 From Book @PERSON1 _________     Censorship in public libraries would be an insult to the institution. A library, a citadel of knowledge, should not be bound by a society as to what knowledge it can convey. One point of a library, the destination of researchers, is to offer information that must be sought: for those who cannot find the information in their homes without fear, for those who cannot ask their questions without retribution, the library stands as a pillar of safety. Books are incapable of judgment.     To censor the books held in a library is to chip away at human progress. A freedom of thought and a freedom of press, present within our nation and increasing in presence around the @CAPS5, precludes the idea of this censorship.     If any book is subject to criticism or opposition, are not all books worthy of the same? To value one opinion or perspective less than another is to debase the entire culture from which libraries have arisen. Libraries are a communal institution, open to all views and writings. The point of bringing books together under one roof is to equate them, and give them all equal standing as literature or scholarly works.     From personal experience, censorship in the library has cost me precious time, and has stolen from me parts of my life. Growing up in a small town, where ideas of gender and sexuality were somewhat firmly set, any search for dissenting opinion was often fruitless. When I visited my school's library, as a child searching for answers about my sexuality, I found little aid. Around the library were a thousand stories of a man and woman falling in love, but never did I find a fairy tale of two princes. It was not until I left the school that I found that such books did exist in my old school library, but kept removed, off the shelves, restricted. More insulting than finding books of @CAPS4 issues completely unrepresented was to find that they were treated so separately.     Here lies the problem. Some people believe that if minority opinions or values are unrepresented, they will disappear. Such is the point of censorship: ignoring an issue or a life-choice to the point of extinction. But books cannot shout their values. They cannot shove information down our throats. Books must be read, we must give our consent to their knowledge. Unlike an advertisement that might accost us unawares, we must pick up a book and open it to receive its guidance.     If my library had done its job and given me the guidance I sought, I would have grown so much more easily. I would have learned not only how to express and accept myself, but I might have grown to more easily accept others as well.     In the past few years, with the effects of @CAPS5 @CAPS6 @CAPS7 reaching the newest generation, @LOCATION1 has searched for ways to pay homage to the victims of the violence of @CAPS8 and of the @CAPS9. What the country finds, however, is that it cannot effectively memorialize the tragedies. In trying construct a monument, the government and culture find that they have little to build off of. The products of murder and book-burning have resulted in an emptiness, a void. As such, architects have created what @MONTH1 be called 'anti-monuments', commemorating a void to posterity to memorialize what was lost. One of the most powerful, to me at least, appears in the form of a negative bookshelf: a solid wall, with gaping holes in the form of book spines, ranging across the rows. Such is the knowledge lost from book-burning. We cannot even describe what is lost, for the knowledge has vanished. We must ask, what are we missing? What views, what prose, what beauty has been taking from us while we continue living, never having the chance to glimpse it?     This is the effect of library censorship. To remove a book from its natural and rightful place on a shelf is to set its words aflame. Once it is gone, it will be forgotten. To protect our posterity, to enlighten our descendants, we must work to preserve all books, any book that appears offensive, or disgusting, or brave, or new. Let the reader decide its value. Let the person in search of answers pick it up or leave it behind. Give the book a chance for it @MONTH1 have a power that is unrealized. Leave the libraries as they are, as the monuments to the preservation and progression of knowledge and wisdom.","Write a persuasive essay to a newspaper reflecting your views on censorship in libraries.
Do you believe that certain materials, such as books, music, movies, magazines, etc.,
should be removed from the shelves if they are found offensive? Support your position
with convincing arguments from your own experience, observations, and/or reading.",2,6,"{'Content': 6, 'Organization': 6, 'Word Choice': 6, 'Sentence Fluency': 6, 'Conventions': 5}","{'Content': 'The expert grader awarded this essay a top‐end score of 6 because it meets—and in some respects exceeds—all of the “exceptionally clear, focused, and interesting” hallmarks called for in the rubric.  Here’s how it checks each box for a 6 rather than a 5 or below:\n\n1. Clarity, focus, and control  \n   • From the opening declaration (“Censorship in public libraries would be an insult to the institution”) through the concluding appeal (“Give the reader a chance… Let the person in search of answers pick it up or leave it behind”), the writer maintains a single, unconfused point of view.  \n   • Transitions are smooth (e.g. moving from principle, to personal anecdote, to historical example) and every paragraph circles back to the central thesis: libraries must not censor.\n\n2. Main ideas that stand out  \n   • Each paragraph introduces a clear sub-claim—libraries as “citadels of knowledge,” books as nonjudgmental vessels, the harm done to sexual-identity research, the metaphor of “negative bookshelves,” etc.—all of which reinforce the overall argument.  \n   • Those sub-claims are not buried but are foregrounded in topic sentences, so the reader never loses sight of the case being built.\n\n3. Supporting, relevant, carefully selected details  \n   • The personal narrative about seeking LGBTQ+ books in a small‐town library gives the essay both emotional resonance and concrete specificity.  \n   • The dramatic image of an “anti-monument” or “negative bookshelf” draws on real public memorials for the victims of book-burning, supplying a vivid visual that underscores the cost of censorship.  \n   • References to freedom of thought and freedom of the press tie the local issue back to national ideals, lending further credibility.\n\n4. Thorough, balanced, in-depth exploration  \n   • The essay not only argues why censorship is wrong but also anticipates the rationale of opponents (“Some people believe that if minority opinions … will disappear”) and rebuts it, showing intellectual balance.  \n   • It moves from general principles (free expression in a democracy) to personal experience to broader cultural backdrops, making multiple connections and sharing genuine insights about what libraries mean to individuals and societies.\n\n5. Suitability to audience and purpose  \n   • As a letter to a newspaper readership, the tone is persuasive yet respectful, the vocabulary accessible but not simplistic, and the examples relatable to a general‐interest audience.  \n   • The call to action at the end (“Leave the libraries as they are… Give the book a chance…”) is pitched just as the rubric recommends—inviting readers to decide for themselves rather than issuing a blunt command.\n\nBecause it consistently demonstrates all of these qualities at an outstanding level, it earns the highest rubric score. It is not rated any lower, for instance, a 5, because it goes beyond a “thorough, balanced explanation” into territory that is truly memorable and insightful—using powerful imagery, personal stakes, and a deft structural arc to hold the reader’s attention from first sentence to last. There is simply no area of “ideas and content” development in which this piece falls short of the rubric’s description of a 6.', 'Organization': 'The expert rater awarded a 6 on Organization because this response meets every element of the “well-organized” description and clearly outstrips the lower levels of structure.  Here’s how it aligns with the top rubric point—and why it couldn’t earn a lower score:\n\n 1. Clear, letter-to-the-editor form  \n    – Even though there isn’t an explicit “Dear Editor,” the essay opens with a direct public-address voice (“Censorship in public libraries would be an insult to the institution.”), layers arguments methodically, and closes with a direct call to action.  That fulfills the rubric’s “appropriate form as a letter to the editor.”  \n\n 2. Self-contained ideas in discrete units  \n    – Each major point (the role of libraries, freedom of thought, equal standing of opinions, a personal anecdote, the metaphor of anti-monuments, and the final appeal) is introduced, developed, and wrapped up before the writer moves on.  Those are exactly the “self-contained” idea units the 6-point definition requires.  \n\n 3. Logical progression and smooth transitions  \n    – The writer moves from a general thesis to specific supporting arguments, into a personal story, then back out to a broader cultural example, and finally to a strong conclusion.  Transitional markers (“From personal experience…,” “Here lies the problem,” “This is the effect…,” “To protect our posterity…”) guide the reader smoothly.  \n\nWhy not a lower score?  \n– A 5 (“good organization”) would have some flow but fewer fully self-contained idea blocks or less rhetorically tight transitions.  \n– A 4 or below would show only basic intro/body/conclusion or even weaker paragraph unity.  \n\nBecause this essay repeatedly demonstrates the highest level of organization called for—clear, paragraph-like idea divisions, a coherent overall arc, and a faithful letter style—it rightly earns a 6.', 'Word Choice': 'The grader awarded a 6 because the essay’s word choice fully meets—and in places even exceeds—the rubric’s “Score 6” descriptors.  In particular:  \n\n• Precision and energy.  Phrases like “citadel of knowledge,” “pillar of safety,” and “chip away at human progress” use exact, powerful language that drives the argument forward.  Every key noun and verb feels carefully selected to maximize impact.  \n• Fresh, figurative imagery.  The writer compares censorship to “setting words aflame” and describes a “negative bookshelf” with “gaping holes in the form of book spines.”  Those images are striking and original, not recycled clichés.  \n• Broad but natural vocabulary.  Words such as “retribution,” “extinction,” and “communal institution” demonstrate range without ever sounding forced or pretentious.  Slang is absent—there’s no overuse of jargon—so the writing remains accessible even as it stretches beyond basic diction.  \n• Ordinary words used in unusual ways.  “Once it is gone, it will be forgotten” turns the simple verb “forget” into a haunting echo of the essay’s central warning.  \n\nBecause the language here is unusually vivid, precise, and thoughtfully arranged, it clearly surpasses what would earn a 5 (“interesting, precise, and natural”) and firmly occupies the top slot.  There are no significant misuses, staleness, or overdone expressions—so nothing clicks this down into the lower bands.', 'Sentence Fluency': 'The expert awarded this essay a 6 because its sentence‐fluency consistently exhibits every element called for in the top‐score descriptor—and in fact goes beyond what would earn a 5—yet there is no higher band in the rubric.  Here’s how it fits Score 6 so precisely:\n\n1. Effective flow and rhythm  \n   • From the opening (“Censorship in public libraries would be an insult to the institution.”) through the closing plea, the prose “glides along” without jolts or awkward pauses.  \n   • Pacing alternates effortlessly between short, punchy statements and longer, more elaborate constructions.\n\n2. High degree of craftsmanship with extensive variation  \n   • Sentence beginnings are never monotonous. We move from “Censorship…,” to “A library…,” to “One point of a library…,” to “Books are incapable…,” to “If any book is subject…,” to “From personal experience…,” to “Here lies the problem,” etc.  \n   • Lengths vary—from terse one-clauses (“Books are incapable of judgment.”) to sweeping multi-clause sentences with embedded phrases.\n\n3. Sentence structure that enhances meaning  \n   • Rhetorical questions (“If any book is subject to criticism or opposition, are not all books worthy of the same?”) draw attention to the central idea of equal treatment.  \n   • Parallel structures (“Let the reader decide its value. Let the person in search of answers pick it up or leave it behind.”) reinforce the writer’s call to freedom of choice.\n\n4. Varied patterns that create power and grace  \n   • The essay employs anaphora (“Let the… Let the…”) and balanced phrasing (“a pillar of safety,” “a void to posterity”), lending both elegance and emphasis.  \n   • Occasional fragments, like “Books are incapable of judgment,” work deliberately to spotlight key assertions.\n\n5. Strong control and stylistic polish  \n   • There are no distracting choppy constructions or persistent repetitions.  \n   • Transitions (“To censor…,” “From personal experience…,” “Here lies the problem…,” “But books cannot…”) are natural and purposeful.  \n\nWhy not a lower score?  \n• A 5 requires “variation in sentence structure” but not the “extensive variation” and consistently crafted sentences found here.  \n• A 4 or 3 would reveal lapses—repetitive openings, mechanical rhythms, or clumsy complex sentences—which this essay does not display.\n\nWhy not higher?  \n• The rubric’s top band is 6. The essay meets and sustains those highest expectations—hence the score of 6.', 'Conventions': 'The expert grader placed this essay at a 6—“exceptionally strong control of conventions”—because its mechanics are virtually flawless, with only the tiniest lapses that a reader would “skim right over.” Here’s why it earns a 6 rather than a lower score:\n\n 1. Punctuation and Sentence Structure  \n    • The writer uses commas, semicolons, and colons to manage complex ideas (“To censor the books held in a library is to chip away at human progress. A freedom of thought and a freedom of press, present within our nation and increasing in presence around the world, precludes the idea of this censorship.”).  \n    • Occasional stylistic manipulations—like the dramatic pause in “Books are incapable of judgment.”—show confidence, not error.\n\n 2. Spelling and Word Choice  \n    • Every common and sophisticated word is spelled correctly. You see no distracting typos (“institution,” “perspective,” “memorialize”).  \n    • Even specialized vocabulary (“anti-monuments,” “prose,” “communal institution”) is handled cleanly.\n\n 3. Grammar and Usage  \n    • Complex sentences maintain subject-verb agreement and logical consistency.  \n    • Pronoun references are clear, and verb tenses remain stable.  \n\n 4. Minimal, Minor Slip-Ups  \n    • A missing “to” in “in trying construct a monument” or a slightly awkward phrase (“worthy of the same?”) are the sort of blemishes so small they don’t impede comprehension.  \n    • These very infrequent lapses do not pull the reader out of the argument or require serious editing.\n\nBy contrast, a score of 5 requires “strong control” but allows a few more noticeable errors; a 4 admits “significant errors” that, while not crippling, crop up often enough to slow a reader down. This essay so thoroughly meets—and occasionally exceeds—the criteria for faultless punctuation, grammar, and spelling that it clearly belongs at the very top of the rubric: a 6.'}","The single reason every category here earns a 6—and never a 5 or lower—is that this essay consistently and fully embodies the rubric’s “exceptional,” “top‐end” descriptors in each strand.  And there is no higher score to give, since 6 is the rubric maximum.  Here’s how it outperforms the lower bands in every dimension:

1. Content (Ideas & Development)  
   • Exceptionally Clear, Focused, Interesting: from the very first sentence through the final plea, the writer never wavers from the thesis that libraries must not censor.  
   • Depth and Originality: personal LGBTQ+ anecdote, vivid “negative bookshelf” imagery, plus a balanced rebuttal of opposing views go well beyond a merely “thorough” (5-level) treatment.  
   • Memorable Insights: tying personal stakes to national ideals makes the argument both concrete and resonant—characteristics the rubric reserves for a 6.

2. Organization  
   • Fully Realized Letter‐to‐Editor Form: the public‐address voice, self-contained idea blocks (principle → anecdote → cultural example → call to action), and a cohesive introduction-to-conclusion arc are exactly what the top band requires.  
   • Smooth, Logical Transitions: every paragraph builds on the last with signposts (“From personal experience…,” “Here lies the problem…,” “To protect our posterity…”), a level of tightness a 5 would only faintly exhibit.

3. Word Choice  
   • Precision and Vividness: phrases like “citadel of knowledge” or “chip away at human progress” are the kind of exact, energetic language the rubric cites for a 6.  
   • Fresh Figurative Imagery: the “negative bookshelf” metaphor isn’t a stock cliché but a striking, original picture—again, beyond the “interesting but straightforward” wording of a 5.  
   • Range Without Pretension: elevated vocabulary (“communal institution,” “extinction”) is woven in naturally; there are no forced words or jargon.

4. Sentence Fluency  
   • Extensive Variation and Rhetorical Control: the essay mixes short, emphatic statements (“Books are incapable of judgment.”) with longer, flowing constructions, employs parallelism and anaphora (“Let the reader decide… Let the person…”) and even well-placed fragments.  
   • Natural, Elegant Rhythm: pacing never drags or feels mechanical—precisely the kind of polish the rubic’s top band demands and lower bands do not sustain.

5. Conventions  
   • Virtually Flawless Mechanics: spelling, punctuation, grammar, and usage are so clean that any tiny slips are those a reader “skims right over.”  
   • Controlled Complexity: semicolons, colons, and commas handle multi-clause sentences with ease, meeting—and slightly exceeding—the rubric’s highest standard.

Why not a 5 or below?  Because each of these features is present with unmatched consistency, originality, and polish—qualities a 5-level paper would only show sporadically or at a less ambitious depth.  
Why not higher?  Simply because the rubric’s ceiling is 6, and this essay fully occupies that top slot."
