idx	essay_id	essay_set	essay	comments
0	1	1	Dear local newspaper, I think effects computers have on people are great learning skills/affects because they give us time to chat with friends/new people, helps us learn about the globe(astronomy) and keeps us out of troble! Thing about! Dont you think so? How would you feel if your teenager is always on the phone with friends! Do you ever time to chat with your friends or buisness partner about things. Well now - there's a new way to chat the computer, theirs plenty of sites on the internet to do so: @ORGANIZATION1, @ORGANIZATION2, @CAPS1, facebook, myspace ect. Just think now while your setting up meeting with your boss on the computer, your teenager is having fun on the phone not rushing to get off cause you want to use it. How did you learn about other countrys/states outside of yours? Well I have by computer/internet, it's a new way to learn about what going on in our time! You might think your child spends a lot of time on the computer, but ask them so question about the economy, sea floor spreading or even about the @DATE1's you'll be surprise at how much he/she knows. Believe it or not the computer is much interesting then in class all day reading out of books. If your child is home on your computer or at a local library, it's better than being out with friends being fresh, or being perpressured to doing something they know isnt right. You might not know where your child is, @CAPS2 forbidde in a hospital bed because of a drive-by. Rather than your child on the computer learning, chatting or just playing games, safe and sound in your home or community place. Now I hope you have reached a point to understand and agree with me, because computers can have great effects on you or child because it gives us time to chat with friends/new people, helps us learn about the globe and believe or not keeps us out of troble. Thank you for listening.	"Based on the given essay and the provided rubric, I would assign a domain 1 score as follows:

{
    ""essay_id"": ""1"",
    ""comments"": ""The essay lacks clear organization, coherence, and clarity. The writer jumps between ideas without logical connections, making it difficult to follow their argument."",
    ""domain_1_score"": 1,
    ""domain_2_score"": None
}

Justification:

* Organization: The essay is disorganized, with ideas presented in a jumbled manner. There are abrupt transitions and lack of clear connections between paragraphs.
* Coherence: The writer fails to clearly articulate their argument, making it hard to understand their position on the effects of computers on people.
* Clarity: The language used is simplistic and often vague, making it difficult for readers to comprehend the intended meaning.

The essay does not meet the criteria for Score Point 2 (a under-developed response) as it lacks even general reasons with unelaborated details. Therefore, a Domain 1 score of 1 is appropriate."
